<?xml version="1.0" encoding="UTF-8"?>
<vcs-root xmlns:xsi="http://www.w3.org/2001/XMLSchema-instance" uuid="1bb9771b-d9ec-4d61-8d78-6cc6a96106ac" type="jetbrains.git" xsi:noNamespaceSchemaLocation="http://www.jetbrains.com/teamcity/schemas/10.0/project-config.xsd">
  <name>https://msv_boxmailru@helixteamhub.cloud/msv/projects/msv_autominer/repositories/git/Msv.AutoMiner</name>
  <param name="agentCleanFilesPolicy" value="ALL_UNTRACKED" />
  <param name="agentCleanPolicy" value="ON_BRANCH_CHANGE" />
  <param name="authMethod" value="PASSWORD" />
  <param name="branch" value="refs/heads/distributed" />
  <param name="ignoreKnownHosts" value="true" />
  <param name="secure:password" value="zxxa9f4a0ea598d696793890f3a320cc43f3127b309fd4b6d79" />
  <param name="submoduleCheckout" value="CHECKOUT" />
  <param name="url" value="https://msv_boxmailru@helixteamhub.cloud/msv/projects/msv_autominer/repositories/git/Msv.AutoMiner" />
  <param name="useAlternates" value="true" />
  <param name="username" value="msv_box@mail.ru" />
  <param name="usernameStyle" value="USERID" />
</vcs-root>

